team_id,canonical_name,country,alias,alias_norm,source,league,notes
1,Egnatia Rrogozhine,Albania,Egnatia Rrogozhinë,egnatia rrogozhine,footystats,CL,
2,KF Tirana,Albania,Tirana,tirana,footystats,CL,Distinct from Partizani Tirana
3,Kukesi,Albania,Kukësi,kukesi,footystats,CL,
4,Partizani Tirana,Albania,Partizani Tirana,partizani tirana,footystats,CL,Distinct from KF Tirana
5,Skenderbeu Korce,Albania,Skënderbeu Korçë,skenderbeu korce,footystats,CL,
6,Teuta Durres,Albania,Teuta Durrës,teuta durres,footystats,CL,
7,Atletic Club d'Escaldes,Andorra,Atlètic Club d'Escaldes,atletic club d escaldes,footystats,CL,Distinct from Inter Club d'Escaldes
8,FC Santa Coloma,Andorra,FC Santa Coloma,fc santa coloma,footystats,CL,Distinct from UE Santa Coloma
9,Inter Club d'Escaldes,Andorra,Inter Club d'Escaldes,inter club d escaldes,footystats,CL,Distinct from Atletic Club d'Escaldes
10,UE Santa Coloma,Andorra,UE Santa Coloma,ue santa coloma,footystats,CL,Distinct from FC Santa Coloma
11,Alashkert,Armenia,Alashkert,alashkert,footystats,CL,
12,Artsakh,Armenia,Artsakh,artsakh,footystats,CL,
13,Avan Academy,Armenia,FC Avan Academy,fc avan academy,footystats,CL,
14,Pyunik,Armenia,Pyunik,pyunik,footystats,CL,
15,Urartu,Armenia,Banants,banants,footystats,CL,Renamed from Banants to Urartu in 2019
16,LASK,Austria,LASK Linz,lask linz,footystats,CL,
17,Rapid Wien,Austria,Rapid Wien,rapid wien,footystats,CL,
18,Red Bull Salzburg,Austria,Salzburg,salzburg,footystats,CL,
19,Sturm Graz,Austria,Sturm Graz,sturm graz,footystats,CL,
20,Neftci Baku,Azerbaijan,Neftçi,neftci,footystats,CL,
21,Qarabag,Azerbaijan,Qarabağ,qarabag,footystats,CL,
22,BATE Borisov,Belarus,BATE,bate,footystats,CL,
23,Dinamo Brest,Belarus,Dinamo Brest,dinamo brest,footystats,CL,Distinct from Brest (France)
24,Dinamo Minsk,Belarus,Dinamo Minsk,dinamo minsk,footystats,CL,
25,Shakhtyor Soligorsk,Belarus,Shakhtyor,shakhtyor,footystats,CL,Distinct from Shakhtar Donetsk (Ukraine)
26,Anderlecht,Belgium,Anderlecht,anderlecht,football_data,B1,
26,Anderlecht,Belgium,RSC Anderlecht,rsc anderlecht,footystats,CL,
27,Antwerp,Belgium,Antwerp,antwerp,football_data,B1,
27,Antwerp,Belgium,Royal Antwerp FC,royal antwerp fc,footystats,CL,
28,Beerschot,Belgium,Beerschot VA,beerschot va,football_data,B1,
29,Cercle Brugge,Belgium,Cercle Brugge,cercle brugge,football_data,B1,
30,Charleroi,Belgium,Charleroi,charleroi,football_data,B1,
31,Club Brugge,Belgium,Club Brugge,club brugge,football_data,B1,Distinct from Cercle Brugge
31,Club Brugge,Belgium,Club Brugge,club brugge,footystats,CL,Distinct from Cercle Brugge
32,Dender EH,Belgium,Dender,dender,football_data,B1,
33,Eupen,Belgium,Eupen,eupen,football_data,B1,
34,Genk,Belgium,Genk,genk,football_data,B1,
34,Genk,Belgium,KRC Genk,krc genk,footystats,CL,
35,Gent,Belgium,Gent,gent,football_data,B1,
35,Gent,Belgium,KAA Gent,kaa gent,footystats,CL,
36,Kortrijk,Belgium,Kortrijk,kortrijk,football_data,B1,
37,Lokeren,Belgium,Lokeren,lokeren,football_data,B1,
38,Mechelen,Belgium,Mechelen,mechelen,football_data,B1,
39,Mouscron,Belgium,Mouscron,mouscron,football_data,B1,Same club as 'Mouscron-Peruwelz'
39,Mouscron,Belgium,Mouscron-Peruwelz,mouscron peruwelz,football_data,B1,Same club as 'Mouscron-Peruwelz'
40,Oostende,Belgium,Oostende,oostende,football_data,B1,
41,Oud-Heverlee Leuven,Belgium,Oud-Heverlee Leuven,oud heverlee leuven,football_data,B1,
42,RAAL La Louviere,Belgium,RAAL La Louviere,raal la louviere,football_data,B1,
43,RWD Molenbeek,Belgium,RWD Molenbeek,rwd molenbeek,football_data,B1,
44,Seraing,Belgium,Seraing,seraing,football_data,B1,
45,Sint-Truiden,Belgium,St Truiden,st truiden,football_data,B1,
46,Standard Liege,Belgium,Standard,standard,football_data,B1,
46,Standard Liege,Belgium,Standard Liège,standard liege,footystats,CL,
47,Union Saint-Gilloise,Belgium,St. Gilloise,st gilloise,football_data,B1,Distinct from Union Berlin
47,Union Saint-Gilloise,Belgium,Union Saint-Gilloise,union saint gilloise,footystats,CL,Distinct from Union Berlin
48,Waasland-Beveren,Belgium,Waasland-Beveren,waasland beveren,football_data,B1,
49,Westerlo,Belgium,Westerlo,westerlo,football_data,B1,
50,Zulte Waregem,Belgium,Waregem,waregem,football_data,B1,
51,Borac Banja Luka,Bosnia and Herzegovina,Borac Banja Luka,borac banja luka,footystats,CL,
52,FK Sarajevo,Bosnia and Herzegovina,Sarajevo,sarajevo,footystats,CL,
53,Zrinjski Mostar,Bosnia and Herzegovina,Zrinjski,zrinjski,footystats,CL,
54,Ludogorets Razgrad,Bulgaria,Ludogorets,ludogorets,footystats,CL,
55,Dinamo Zagreb,Croatia,Dinamo Zagreb,dinamo zagreb,footystats,CL,Distinct from Lokomotiva Zagreb
56,Lokomotiva Zagreb,Croatia,Lokomotiva Zagreb,lokomotiva zagreb,footystats,CL,Distinct from Dinamo Zagreb
57,Rijeka,Croatia,Rijeka,rijeka,footystats,CL,
58,AEK Larnaca,Cyprus,AEK Larnaca,aek larnaca,footystats,CL,Distinct from AEK Athens (Greece)
59,APOEL Nicosia,Cyprus,APOEL,apoel,footystats,CL,
60,Apollon Limassol,Cyprus,Apollon,apollon,footystats,CL,"NOT the same club as domestic 'Apollon' (Apollon Smyrnis, Greece)"
61,Aris Limassol,Cyprus,Aris,aris,footystats,CL,"NOT the same club as domestic 'Aris' (Aris Thessaloniki, Greece)"
62,Omonia Nicosia,Cyprus,Omonia Nicosia,omonia nicosia,footystats,CL,
63,Pafos,Cyprus,Paphos,paphos,footystats,CL,
64,Slavia Prague,Czechia,Slavia Praha,slavia praha,footystats,CL,
65,Sparta Prague,Czechia,Sparta Praha,sparta praha,footystats,CL,Distinct from Sparta Rotterdam
66,Viktoria Plzen,Czechia,Viktoria Plzeň,viktoria plzen,footystats,CL,
67,Brondby,Denmark,Brøndby,brondby,footystats,CL,
68,FC Copenhagen,Denmark,København,kobenhavn,footystats,CL,
69,Midtjylland,Denmark,Midtjylland,midtjylland,footystats,CL,
70,Arsenal,England,Arsenal,arsenal,football_data,E0,
70,Arsenal,England,Arsenal,arsenal,footystats,CL,
71,Aston Villa,England,Aston Villa,aston villa,football_data,E0,
71,Aston Villa,England,Aston Villa,aston villa,footystats,CL,
72,Bournemouth,England,Bournemouth,bournemouth,football_data,E0,
73,Brentford,England,Brentford,brentford,football_data,E0,
74,Brighton & Hove Albion,England,Brighton,brighton,football_data,E0,
75,Burnley,England,Burnley,burnley,football_data,E0,
76,Chelsea,England,Chelsea,chelsea,football_data,E0,
76,Chelsea,England,Chelsea,chelsea,footystats,CL,
77,Crystal Palace,England,Crystal Palace,crystal palace,football_data,E0,
78,Everton,England,Everton,everton,football_data,E0,
79,Fulham,England,Fulham,fulham,football_data,E0,
80,Huddersfield Town,England,Huddersfield,huddersfield,football_data,E0,
81,Hull City,England,Hull,hull,football_data,E0,
82,Ipswich Town,England,Ipswich,ipswich,football_data,E0,
83,Leeds United,England,Leeds,leeds,football_data,E0,
84,Leicester City,England,Leicester,leicester,football_data,E0,
84,Leicester City,England,Leicester City,leicester city,footystats,CL,
85,Liverpool,England,Liverpool,liverpool,football_data,E0,
85,Liverpool,England,Liverpool,liverpool,footystats,CL,
86,Luton Town,England,Luton,luton,football_data,E0,
87,Manchester City,England,Man City,man city,football_data,E0,
87,Manchester City,England,Manchester City,manchester city,footystats,CL,
88,Manchester United,England,Man United,man united,football_data,E0,
88,Manchester United,England,Manchester United,manchester united,footystats,CL,
89,Middlesbrough,England,Middlesbrough,middlesbrough,football_data,E0,
90,Newcastle United,England,Newcastle,newcastle,football_data,E0,
90,Newcastle United,England,Newcastle United,newcastle united,footystats,CL,
91,Norwich City,England,Norwich,norwich,football_data,E0,
92,Nottingham Forest,England,Nott'm Forest,nott m forest,football_data,E0,
93,Sheffield United,England,Sheffield United,sheffield united,football_data,E0,
94,Southampton,England,Southampton,southampton,football_data,E0,
95,Stoke City,England,Stoke,stoke,football_data,E0,
96,Sunderland,England,Sunderland,sunderland,football_data,E0,
97,Tottenham Hotspur,England,Tottenham,tottenham,football_data,E0,
97,Tottenham Hotspur,England,Tottenham Hotspur,tottenham hotspur,footystats,CL,
98,Watford,England,Watford,watford,football_data,E0,
99,West Bromwich Albion,England,West Brom,west brom,football_data,E0,
100,West Ham United,England,West Ham,west ham,football_data,E0,
101,Wolverhampton Wanderers,England,Wolves,wolves,football_data,E0,
102,FCI Tallinn,Estonia,FCI Tallinn,fci tallinn,footystats,CL,Merged with Levadia in 2017; kept separate as a distinct pre-merger entity
103,Flora Tallinn,Estonia,Tallinna FC Flora,tallinna fc flora,footystats,CL,
104,Levadia Tallinn,Estonia,Tallinna FC Levadia,tallinna fc levadia,footystats,CL,FCI Tallinn merged into Levadia in 2017
105,Nomme Kalju,Estonia,Nõmme Kalju,nomme kalju,footystats,CL,
106,B36 Torshavn,Faroe Islands,B36,b36,footystats,CL,
107,HB Torshavn,Faroe Islands,HB,hb,footystats,CL,
108,KI Klaksvik,Faroe Islands,KÍ,ki,footystats,CL,
109,Vikingur Gota,Faroe Islands,Víkingur,vikingur,footystats,CL,Distinct from Vikingur Reykjavik (Iceland)
110,HJK Helsinki,Finland,HJK,hjk,footystats,CL,
111,IFK Mariehamn,Finland,Mariehamn,mariehamn,footystats,CL,
112,KuPS,Finland,KuPS,kups,footystats,CL,
113,SJK Seinajoki,Finland,SJK,sjk,footystats,CL,
114,AC Ajaccio,France,Ajaccio,ajaccio,football_data,F1,Distinct from Gazelec Ajaccio
115,Amiens,France,Amiens,amiens,football_data,F1,
116,Angers,France,Angers,angers,football_data,F1,
117,Auxerre,France,Auxerre,auxerre,football_data,F1,
118,Bastia,France,Bastia,bastia,football_data,F1,
119,Bordeaux,France,Bordeaux,bordeaux,football_data,F1,
120,Brest,France,Brest,brest,football_data,F1,Stade Brestois. Distinct from Dinamo Brest (Belarus)
120,Brest,France,Brest,brest,footystats,CL,Stade Brestois. Distinct from Dinamo Brest (Belarus)
121,Caen,France,Caen,caen,football_data,F1,
122,Clermont Foot,France,Clermont,clermont,football_data,F1,
123,Dijon,France,Dijon,dijon,football_data,F1,
124,Gazelec Ajaccio,France,Ajaccio GFCO,ajaccio gfco,football_data,F1,Distinct from AC Ajaccio
125,Guingamp,France,Guingamp,guingamp,football_data,F1,
126,Le Havre,France,Le Havre,le havre,football_data,F1,
127,Lens,France,Lens,lens,football_data,F1,
127,Lens,France,Lens,lens,footystats,CL,
128,Lille,France,Lille,lille,football_data,F1,
128,Lille,France,Lille,lille,footystats,CL,
129,Lorient,France,Lorient,lorient,football_data,F1,
130,Lyon,France,Lyon,lyon,football_data,F1,
130,Lyon,France,Olympique Lyonnais,olympique lyonnais,footystats,CL,
131,Marseille,France,Marseille,marseille,football_data,F1,
131,Marseille,France,Olympique Marseille,olympique marseille,footystats,CL,
132,Metz,France,Metz,metz,football_data,F1,
133,Monaco,France,Monaco,monaco,football_data,F1,
133,Monaco,France,Monaco,monaco,footystats,CL,
134,Montpellier,France,Montpellier,montpellier,football_data,F1,
135,Nancy,France,Nancy,nancy,football_data,F1,
136,Nantes,France,Nantes,nantes,football_data,F1,
137,Nice,France,Nice,nice,football_data,F1,
137,Nice,France,Nice,nice,footystats,CL,
138,Nimes,France,Nimes,nimes,football_data,F1,
139,Paris FC,France,Paris FC,paris fc,football_data,F1,Distinct from Paris Saint-Germain
140,Paris Saint-Germain,France,Paris SG,paris sg,football_data,F1,Distinct from Paris FC
140,Paris Saint-Germain,France,PSG,psg,footystats,CL,Distinct from Paris FC
141,Reims,France,Reims,reims,football_data,F1,
142,Rennes,France,Rennes,rennes,football_data,F1,
142,Rennes,France,Rennes,rennes,footystats,CL,
143,Saint-Etienne,France,St Etienne,st etienne,football_data,F1,
144,Strasbourg,France,Strasbourg,strasbourg,football_data,F1,
145,Toulouse,France,Toulouse,toulouse,football_data,F1,
146,Troyes,France,Troyes,troyes,football_data,F1,
147,Dila Gori,Georgia,Dila,dila,footystats,CL,
148,Dinamo Batumi,Georgia,Dinamo Batumi,dinamo batumi,footystats,CL,Distinct from Dinamo Tbilisi
149,Dinamo Tbilisi,Georgia,Dinamo Tbilisi,dinamo tbilisi,footystats,CL,Distinct from Dinamo Batumi
150,Saburtalo Tbilisi,Georgia,Saburtalo,saburtalo,footystats,CL,
151,Samtredia,Georgia,Samtredia,samtredia,footystats,CL,
152,Torpedo Kutaisi,Georgia,Torpedo Kutaisi,torpedo kutaisi,footystats,CL,
153,Arminia Bielefeld,Germany,Bielefeld,bielefeld,football_data,D1,
154,Augsburg,Germany,Augsburg,augsburg,football_data,D1,
155,Bayer Leverkusen,Germany,Leverkusen,leverkusen,football_data,D1,
155,Bayer Leverkusen,Germany,Bayer Leverkusen,bayer leverkusen,footystats,CL,
156,Bayern Munich,Germany,Bayern Munich,bayern munich,football_data,D1,
156,Bayern Munich,Germany,Bayern München,bayern munchen,footystats,CL,
157,Bochum,Germany,Bochum,bochum,football_data,D1,
158,Borussia Dortmund,Germany,Dortmund,dortmund,football_data,D1,
158,Borussia Dortmund,Germany,Borussia Dortmund,borussia dortmund,footystats,CL,
159,Borussia Monchengladbach,Germany,M'gladbach,m gladbach,football_data,D1,
159,Borussia Monchengladbach,Germany,Borussia M'gladbach,borussia m gladbach,footystats,CL,
160,Darmstadt 98,Germany,Darmstadt,darmstadt,football_data,D1,
161,Eintracht Frankfurt,Germany,Ein Frankfurt,ein frankfurt,football_data,D1,
161,Eintracht Frankfurt,Germany,Eintracht Frankfurt,eintracht frankfurt,footystats,CL,
162,FC Koln,Germany,FC Koln,fc koln,football_data,D1,
163,Fortuna Dusseldorf,Germany,Fortuna Dusseldorf,fortuna dusseldorf,football_data,D1,
164,Freiburg,Germany,Freiburg,freiburg,football_data,D1,
165,Greuther Furth,Germany,Greuther Furth,greuther furth,football_data,D1,
166,Hamburger SV,Germany,Hamburg,hamburg,football_data,D1,
167,Hannover 96,Germany,Hannover,hannover,football_data,D1,
168,Heidenheim,Germany,Heidenheim,heidenheim,football_data,D1,
169,Hertha Berlin,Germany,Hertha,hertha,football_data,D1,
170,Hoffenheim,Germany,Hoffenheim,hoffenheim,football_data,D1,
170,Hoffenheim,Germany,Hoffenheim,hoffenheim,footystats,CL,
171,Holstein Kiel,Germany,Holstein Kiel,holstein kiel,football_data,D1,
172,Ingolstadt,Germany,Ingolstadt,ingolstadt,football_data,D1,
173,Mainz 05,Germany,Mainz,mainz,football_data,D1,
174,Nurnberg,Germany,Nurnberg,nurnberg,football_data,D1,
175,Paderborn,Germany,Paderborn,paderborn,football_data,D1,
176,RB Leipzig,Germany,RB Leipzig,rb leipzig,football_data,D1,
176,RB Leipzig,Germany,RB Leipzig,rb leipzig,footystats,CL,
177,Schalke 04,Germany,Schalke 04,schalke 04,football_data,D1,
177,Schalke 04,Germany,Schalke 04,schalke 04,footystats,CL,
178,St Pauli,Germany,St Pauli,st pauli,football_data,D1,
179,Union Berlin,Germany,Union Berlin,union berlin,football_data,D1,
179,Union Berlin,Germany,Union Berlin,union berlin,footystats,CL,
180,VfB Stuttgart,Germany,Stuttgart,stuttgart,football_data,D1,
180,VfB Stuttgart,Germany,Stuttgart,stuttgart,footystats,CL,
181,Werder Bremen,Germany,Werder Bremen,werder bremen,football_data,D1,
182,Wolfsburg,Germany,Wolfsburg,wolfsburg,football_data,D1,
182,Wolfsburg,Germany,Wolfsburg,wolfsburg,footystats,CL,
183,Europa FC,Gibraltar,Europa,europa,footystats,CL,
184,Lincoln Red Imps,Gibraltar,Lincoln Red Imps,lincoln red imps,footystats,CL,
185,AEK Athens,Greece,AEK,aek,football_data,G1,Distinct from AEK Larnaca (Cyprus)
185,AEK Athens,Greece,AEK Athens,aek athens,footystats,CL,Distinct from AEK Larnaca (Cyprus)
186,Apollon Smyrnis,Greece,Apollon,apollon,football_data,G1,"NOT the same club as CL 'Apollon' (Apollon Limassol, Cyprus)"
187,Aris Thessaloniki,Greece,Aris,aris,football_data,G1,"NOT the same club as CL 'Aris' (Aris Limassol, Cyprus)"
188,Asteras Tripolis,Greece,Asteras Tripolis,asteras tripolis,football_data,G1,
189,Atromitos,Greece,Atromitos,atromitos,football_data,G1,
190,Ionikos,Greece,Ionikos,ionikos,football_data,G1,
191,Iraklis,Greece,Iraklis,iraklis,football_data,G1,
192,Kallithea,Greece,Athens Kallithea,athens kallithea,football_data,G1,Distinct from Kalloni
193,Kalloni,Greece,Kallonis,kallonis,football_data,G1,Distinct from Kallithea
194,Kerkyra,Greece,Kerkyra,kerkyra,football_data,G1,
195,Kifisia,Greece,Kifisia,kifisia,football_data,G1,
196,Lamia,Greece,Lamia,lamia,football_data,G1,
197,Larissa,Greece,Larisa,larisa,football_data,G1,
198,Levadeiakos,Greece,Levadeiakos,levadeiakos,football_data,G1,
199,OFI Crete,Greece,OFI Crete,ofi crete,football_data,G1,
200,Olympiakos,Greece,Olympiakos,olympiakos,football_data,G1,
200,Olympiakos,Greece,Olympiakos Piraeus,olympiakos piraeus,footystats,CL,
201,PAOK,Greece,PAOK,paok,football_data,G1,
201,PAOK,Greece,PAOK,paok,footystats,CL,
202,PAS Giannina,Greece,Giannina,giannina,football_data,G1,
203,Panathinaikos,Greece,Panathinaikos,panathinaikos,football_data,G1,
203,Panathinaikos,Greece,Panathinaikos,panathinaikos,footystats,CL,
204,Panetolikos,Greece,Panetolikos,panetolikos,football_data,G1,
205,Panionios,Greece,Panionios,panionios,football_data,G1,
206,Panserraikos,Greece,Panserraikos,panserraikos,football_data,G1,
207,Panthrakikos,Greece,Panthrakikos,panthrakikos,football_data,G1,
208,Platanias,Greece,Platanias,platanias,football_data,G1,
209,Veria,Greece,Veria,veria,football_data,G1,
210,Volos,Greece,Volos NFC,volos nfc,football_data,G1,
211,Xanthi,Greece,Xanthi,xanthi,football_data,G1,
212,Budapest Honved,Hungary,Honvéd,honved,footystats,CL,
213,Fehervar,Hungary,Videoton,videoton,footystats,CL,Renamed from Videoton to MOL Fehervar in 2018
214,Ferencvaros,Hungary,Ferencváros,ferencvaros,footystats,CL,
215,Breidablik,Iceland,Breidablik,breidablik,footystats,CL,
216,FH Hafnarfjordur,Iceland,FH,fh,footystats,CL,
217,KR Reykjavik,Iceland,KR,kr,footystats,CL,
218,Stjarnan,Iceland,Stjarnan,stjarnan,footystats,CL,
219,Valur,Iceland,Valur,valur,footystats,CL,
220,Vikingur Reykjavik,Iceland,Víkingur Reykjavík,vikingur reykjavik,footystats,CL,Distinct from Vikingur Gota (Faroe Islands)
221,Hapoel Beer Sheva,Israel,Hapoel Be'er Sheva,hapoel be er sheva,footystats,CL,
222,Maccabi Haifa,Israel,Maccabi Haifa,maccabi haifa,footystats,CL,
223,Maccabi Tel Aviv,Israel,Maccabi Tel Aviv,maccabi tel aviv,footystats,CL,
224,AC Milan,Italy,Milan,milan,football_data,I1,Domestic 'Milan' = AC Milan; domestic 'Inter' = Internazionale
224,AC Milan,Italy,AC Milan,ac milan,footystats,CL,Domestic 'Milan' = AC Milan; domestic 'Inter' = Internazionale
225,Atalanta,Italy,Atalanta,atalanta,football_data,I1,
225,Atalanta,Italy,Atalanta,atalanta,footystats,CL,
226,Benevento,Italy,Benevento,benevento,football_data,I1,
227,Bologna,Italy,Bologna,bologna,football_data,I1,
227,Bologna,Italy,Bologna,bologna,footystats,CL,
228,Brescia,Italy,Brescia,brescia,football_data,I1,
229,Cagliari,Italy,Cagliari,cagliari,football_data,I1,
230,Carpi,Italy,Carpi,carpi,football_data,I1,
231,Chievo Verona,Italy,Chievo,chievo,football_data,I1,Distinct from Hellas Verona
232,Como,Italy,Como,como,football_data,I1,
233,Cremonese,Italy,Cremonese,cremonese,football_data,I1,
234,Crotone,Italy,Crotone,crotone,football_data,I1,
235,Empoli,Italy,Empoli,empoli,football_data,I1,
236,Fiorentina,Italy,Fiorentina,fiorentina,football_data,I1,
237,Frosinone,Italy,Frosinone,frosinone,football_data,I1,
238,Genoa,Italy,Genoa,genoa,football_data,I1,
239,Hellas Verona,Italy,Verona,verona,football_data,I1,Distinct from Chievo Verona
240,Inter Milan,Italy,Inter,inter,football_data,I1,
240,Inter Milan,Italy,Inter Milan,inter milan,footystats,CL,
241,Juventus,Italy,Juventus,juventus,football_data,I1,
241,Juventus,Italy,Juventus,juventus,footystats,CL,
242,Lazio,Italy,Lazio,lazio,football_data,I1,
242,Lazio,Italy,Lazio,lazio,footystats,CL,
243,Lecce,Italy,Lecce,lecce,football_data,I1,
244,Monza,Italy,Monza,monza,football_data,I1,
245,Napoli,Italy,Napoli,napoli,football_data,I1,
245,Napoli,Italy,Napoli,napoli,footystats,CL,
246,Palermo,Italy,Palermo,palermo,football_data,I1,
247,Parma,Italy,Parma,parma,football_data,I1,
248,Pescara,Italy,Pescara,pescara,football_data,I1,
249,Pisa,Italy,Pisa,pisa,football_data,I1,
250,Roma,Italy,Roma,roma,football_data,I1,
250,Roma,Italy,Roma,roma,footystats,CL,
251,SPAL,Italy,Spal,spal,football_data,I1,Distinct from Spezia
252,Salernitana,Italy,Salernitana,salernitana,football_data,I1,
253,Sampdoria,Italy,Sampdoria,sampdoria,football_data,I1,
254,Sassuolo,Italy,Sassuolo,sassuolo,football_data,I1,
255,Spezia,Italy,Spezia,spezia,football_data,I1,
256,Torino,Italy,Torino,torino,football_data,I1,
257,Udinese,Italy,Udinese,udinese,football_data,I1,
258,Venezia,Italy,Venezia,venezia,football_data,I1,
259,Astana,Kazakhstan,Astana,astana,footystats,CL,Distinct from Astra Giurgiu (Romania)
260,Kairat Almaty,Kazakhstan,Kairat,kairat,footystats,CL,
261,Ordabasy,Kazakhstan,Ordabasy,ordabasy,footystats,CL,
262,Tobol Kostanay,Kazakhstan,Tobol,tobol,footystats,CL,
263,Ballkani,Kosovo,Ballkani,ballkani,footystats,CL,
264,Drita,Kosovo,Drita,drita,footystats,CL,
265,Feronikeli,Kosovo,Feronikeli,feronikeli,footystats,CL,
266,Prishtina,Kosovo,Prishtina,prishtina,footystats,CL,
267,Trepca'89,Kosovo,Trepça'89,trepca 89,footystats,CL,
268,Liepaja,Latvia,Liepāja,liepaja,footystats,CL,
269,Riga FC,Latvia,Riga,riga,footystats,CL,Distinct from Rigas FS (RFS)
270,Rigas FS,Latvia,Rīgas FS,rigas fs,footystats,CL,RFS. Distinct from Riga FC
271,Spartaks Jurmala,Latvia,Spartaks Jūrmala,spartaks jurmala,footystats,CL,
272,Valmiera,Latvia,Valmiera / BSS,valmiera bss,footystats,CL,
273,Ventspils,Latvia,Ventspils,ventspils,footystats,CL,
274,Panevezys,Lithuania,Panevėžys,panevezys,footystats,CL,
275,Suduva,Lithuania,Sūduva,suduva,footystats,CL,
276,Zalgiris Vilnius,Lithuania,Žalgiris,zalgiris,footystats,CL,
277,Differdange 03,Luxembourg,Differdange 03,differdange 03,footystats,CL,
278,F91 Dudelange,Luxembourg,F91 Dudelange,f91 dudelange,footystats,CL,
279,Fola Esch,Luxembourg,Fola Esch,fola esch,footystats,CL,
280,Swift Hesperange,Luxembourg,Swift Hesperange,swift hesperange,footystats,CL,
281,Floriana,Malta,Floriana,floriana,footystats,CL,
282,Hamrun Spartans,Malta,Hamrun Spartans,hamrun spartans,footystats,CL,
283,Hibernians,Malta,Hibernians,hibernians,footystats,CL,NOT the same club as domestic 'Hibernian' (Scotland)
284,Valletta,Malta,Valletta,valletta,footystats,CL,
285,Milsami Orhei,Moldova,Milsami,milsami,footystats,CL,
286,Petrocub Hincesti,Moldova,Petrocub,petrocub,footystats,CL,
287,Sheriff Tiraspol,Moldova,Sheriff,sheriff,footystats,CL,
288,Buducnost Podgorica,Montenegro,Budućnost,buducnost,footystats,CL,
289,Decic,Montenegro,Dečić,decic,footystats,CL,
290,Mladost Podgorica,Montenegro,Mladost,mladost,footystats,CL,
291,Rudar Pljevlja,Montenegro,Rudar,rudar,footystats,CL,
292,Sutjeska Niksic,Montenegro,Sutjeska,sutjeska,footystats,CL,
293,ADO Den Haag,Netherlands,Den Haag,den haag,football_data,N1,
294,AZ Alkmaar,Netherlands,AZ Alkmaar,az alkmaar,football_data,N1,
294,AZ Alkmaar,Netherlands,AZ,az,footystats,CL,
295,Ajax,Netherlands,Ajax,ajax,football_data,N1,
295,Ajax,Netherlands,Ajax,ajax,footystats,CL,
296,Almere City,Netherlands,Almere City,almere city,football_data,N1,
297,Cambuur,Netherlands,Cambuur,cambuur,football_data,N1,
298,De Graafschap,Netherlands,Graafschap,graafschap,football_data,N1,
299,Emmen,Netherlands,FC Emmen,fc emmen,football_data,N1,
300,Excelsior,Netherlands,Excelsior,excelsior,football_data,N1,
301,Feyenoord,Netherlands,Feyenoord,feyenoord,football_data,N1,
301,Feyenoord,Netherlands,Feyenoord,feyenoord,footystats,CL,
302,Fortuna Sittard,Netherlands,For Sittard,for sittard,football_data,N1,
303,Go Ahead Eagles,Netherlands,Go Ahead Eagles,go ahead eagles,football_data,N1,
304,Groningen,Netherlands,Groningen,groningen,football_data,N1,
305,Heerenveen,Netherlands,Heerenveen,heerenveen,football_data,N1,
306,Heracles Almelo,Netherlands,Heracles,heracles,football_data,N1,
307,NAC Breda,Netherlands,NAC Breda,nac breda,football_data,N1,
308,NEC Nijmegen,Netherlands,Nijmegen,nijmegen,football_data,N1,
309,PEC Zwolle,Netherlands,Zwolle,zwolle,football_data,N1,
310,PSV Eindhoven,Netherlands,PSV Eindhoven,psv eindhoven,football_data,N1,
310,PSV Eindhoven,Netherlands,PSV,psv,footystats,CL,
311,RKC Waalwijk,Netherlands,Waalwijk,waalwijk,football_data,N1,
312,Roda JC,Netherlands,Roda,roda,football_data,N1,
313,Sparta Rotterdam,Netherlands,Sparta Rotterdam,sparta rotterdam,football_data,N1,Distinct from Sparta Praha
314,Telstar,Netherlands,Telstar,telstar,football_data,N1,
315,Twente,Netherlands,Twente,twente,football_data,N1,
315,Twente,Netherlands,Twente,twente,footystats,CL,
316,Utrecht,Netherlands,Utrecht,utrecht,football_data,N1,
317,VVV-Venlo,Netherlands,VVV Venlo,vvv venlo,football_data,N1,
318,Vitesse,Netherlands,Vitesse,vitesse,football_data,N1,
319,Volendam,Netherlands,Volendam,volendam,football_data,N1,
320,Willem II,Netherlands,Willem II,willem ii,football_data,N1,
321,Shkendija,North Macedonia,Shkendija,shkendija,footystats,CL,
322,Shkupi,North Macedonia,Shkupi,shkupi,footystats,CL,
323,Sileks,North Macedonia,Sileks,sileks,footystats,CL,
324,Struga,North Macedonia,Struga,struga,footystats,CL,
325,Vardar Skopje,North Macedonia,Vardar,vardar,footystats,CL,
326,Crusaders,Northern Ireland,Crusaders,crusaders,footystats,CL,
327,Larne,Northern Ireland,Larne,larne,footystats,CL,
328,Linfield,Northern Ireland,Linfield,linfield,footystats,CL,
329,Bodo/Glimt,Norway,FK Bodo - Glimt,fk bodo glimt,footystats,CL,
330,Brann,Norway,Brann,brann,footystats,CL,
331,Molde,Norway,Molde,molde,footystats,CL,
332,Rosenborg,Norway,Rosenborg,rosenborg,footystats,CL,
333,Jagiellonia Bialystok,Poland,Jagiellonia Białystok,jagiellonia bialystok,footystats,CL,
334,Lech Poznan,Poland,Lech Poznań,lech poznan,footystats,CL,
335,Legia Warsaw,Poland,Legia Warszawa,legia warszawa,footystats,CL,
336,Piast Gliwice,Poland,Piast Gliwice,piast gliwice,footystats,CL,
337,Rakow Czestochowa,Poland,Raków Częstochowa,rakow czestochowa,footystats,CL,
338,AVS,Portugal,AVS,avs,football_data,P1,
339,Academica,Portugal,Academica,academica,football_data,P1,
340,Alverca,Portugal,Alverca,alverca,football_data,P1,
341,Arouca,Portugal,Arouca,arouca,football_data,P1,
342,Belenenses,Portugal,Belenenses,belenenses,football_data,P1,
343,Benfica,Portugal,Benfica,benfica,football_data,P1,
343,Benfica,Portugal,Benfica,benfica,footystats,CL,
344,Boavista,Portugal,Boavista,boavista,football_data,P1,
345,Casa Pia,Portugal,Casa Pia,casa pia,football_data,P1,
346,Chaves,Portugal,Chaves,chaves,football_data,P1,
347,Desportivo Aves,Portugal,Aves,aves,football_data,P1,
348,Estoril,Portugal,Estoril,estoril,football_data,P1,
349,Estrela Amadora,Portugal,Estrela,estrela,football_data,P1,
350,Famalicao,Portugal,Famalicao,famalicao,football_data,P1,
351,Farense,Portugal,Farense,farense,football_data,P1,
352,Feirense,Portugal,Feirense,feirense,football_data,P1,
353,Gil Vicente,Portugal,Gil Vicente,gil vicente,football_data,P1,
354,Maritimo,Portugal,Maritimo,maritimo,football_data,P1,
355,Moreirense,Portugal,Moreirense,moreirense,football_data,P1,
356,Nacional,Portugal,Nacional,nacional,football_data,P1,
357,Pacos de Ferreira,Portugal,Pacos Ferreira,pacos ferreira,football_data,P1,
358,Portimonense,Portugal,Portimonense,portimonense,football_data,P1,
359,Porto,Portugal,Porto,porto,football_data,P1,
359,Porto,Portugal,Porto,porto,footystats,CL,
360,Rio Ave,Portugal,Rio Ave,rio ave,football_data,P1,
361,Santa Clara,Portugal,Santa Clara,santa clara,football_data,P1,
362,Sporting Braga,Portugal,Sp Braga,sp braga,football_data,P1,
362,Sporting Braga,Portugal,Sporting Braga,sporting braga,footystats,CL,
363,Sporting CP,Portugal,Sp Lisbon,sp lisbon,football_data,P1,Domestic 'Sp Lisbon' = Sporting Clube de Portugal
363,Sporting CP,Portugal,Sporting CP,sporting cp,footystats,CL,Domestic 'Sp Lisbon' = Sporting Clube de Portugal
364,Tondela,Portugal,Tondela,tondela,football_data,P1,
365,Uniao da Madeira,Portugal,Uniao Madeira,uniao madeira,football_data,P1,
366,Vitoria Guimaraes,Portugal,Guimaraes,guimaraes,football_data,P1,Distinct from Vitoria Setubal
367,Vitoria Setubal,Portugal,Setubal,setubal,football_data,P1,Distinct from Vitoria Guimaraes
368,Vizela,Portugal,Vizela,vizela,football_data,P1,
369,Cork City,Republic of Ireland,Cork City,cork city,footystats,CL,
370,Dundalk,Republic of Ireland,Dundalk,dundalk,footystats,CL,
371,Shamrock Rovers,Republic of Ireland,Shamrock Rovers,shamrock rovers,footystats,CL,
372,Shelbourne,Republic of Ireland,Shelbourne,shelbourne,footystats,CL,
373,Astra Giurgiu,Romania,Astra,astra,footystats,CL,Distinct from Astana (Kazakhstan)
374,CFR Cluj,Romania,CFR Cluj,cfr cluj,footystats,CL,
375,FCSB,Romania,FCSB,fcsb,footystats,CL,
376,Farul Constanta,Romania,SSC Farul,ssc farul,footystats,CL,Post-2021 merger with Viitorul; kept separate as a distinct entity
377,Viitorul Constanta,Romania,Viitorul,viitorul,footystats,CL,Merged with Farul in 2021
378,CSKA Moscow,Russia,CSKA Moskva,cska moskva,footystats,CL,
379,Krasnodar,Russia,Krasnodar,krasnodar,footystats,CL,
380,Lokomotiv Moscow,Russia,Lokomotiv Moskva,lokomotiv moskva,footystats,CL,
381,Rostov,Russia,Rostov,rostov,footystats,CL,
382,Spartak Moscow,Russia,Spartak Moskva,spartak moskva,footystats,CL,Distinct from Spartak Trnava (Slovakia)
383,Zenit St Petersburg,Russia,Zenit,zenit,footystats,CL,
384,Folgore,San Marino,S.S. Folgore,s s folgore,footystats,CL,
385,La Fiorita,San Marino,La Fiorita,la fiorita,footystats,CL,
386,Tre Fiori,San Marino,Tre Fiori,tre fiori,footystats,CL,
387,Tre Penne,San Marino,Tre Penne,tre penne,footystats,CL,
388,Virtus,San Marino,Virtus,virtus,footystats,CL,
389,Aberdeen,Scotland,Aberdeen,aberdeen,football_data,SC0,
390,Celtic,Scotland,Celtic,celtic,football_data,SC0,
390,Celtic,Scotland,Celtic,celtic,footystats,CL,
391,Dundee,Scotland,Dundee,dundee,football_data,SC0,Distinct from Dundee United
392,Dundee United,Scotland,Dundee United,dundee united,football_data,SC0,Distinct from Dundee
393,Falkirk,Scotland,Falkirk,falkirk,football_data,SC0,
394,Hamilton Academical,Scotland,Hamilton,hamilton,football_data,SC0,
395,Heart of Midlothian,Scotland,Hearts,hearts,football_data,SC0,
396,Hibernian,Scotland,Hibernian,hibernian,football_data,SC0,NOT the same club as CL 'Hibernians' (Malta)
397,Inverness Caledonian Thistle,Scotland,Inverness C,inverness c,football_data,SC0,
398,Kilmarnock,Scotland,Kilmarnock,kilmarnock,football_data,SC0,
399,Livingston,Scotland,Livingston,livingston,football_data,SC0,
400,Motherwell,Scotland,Motherwell,motherwell,football_data,SC0,
401,Partick Thistle,Scotland,Partick,partick,football_data,SC0,
402,Rangers,Scotland,Rangers,rangers,football_data,SC0,
402,Rangers,Scotland,Rangers,rangers,footystats,CL,
403,Ross County,Scotland,Ross County,ross county,football_data,SC0,
404,St Johnstone,Scotland,St Johnstone,st johnstone,football_data,SC0,
405,St Mirren,Scotland,St Mirren,st mirren,football_data,SC0,
406,Partizan Belgrade,Serbia,Partizan,partizan,footystats,CL,Distinct from Partizani Tirana (Albania)
407,Red Star Belgrade,Serbia,Red Star Belgrade,red star belgrade,footystats,CL,
408,TSC Backa Topola,Serbia,Bačka Topola,backa topola,footystats,CL,
409,Slovan Bratislava,Slovakia,Slovan Bratislava,slovan bratislava,footystats,CL,
410,Spartak Trnava,Slovakia,Spartak Trnava,spartak trnava,footystats,CL,Distinct from Spartak Moscow (Russia)
411,Trencin,Slovakia,Trenčín,trencin,footystats,CL,
412,Zilina,Slovakia,Žilina,zilina,footystats,CL,
413,Celje,Slovenia,Celje,celje,footystats,CL,
414,Maribor,Slovenia,Maribor,maribor,footystats,CL,
415,Mura,Slovenia,Mura,mura,footystats,CL,
416,Olimpija Ljubljana,Slovenia,Olimpija,olimpija,footystats,CL,
417,Alaves,Spain,Alaves,alaves,football_data,SP1,
418,Almeria,Spain,Almeria,almeria,football_data,SP1,
419,Athletic Bilbao,Spain,Ath Bilbao,ath bilbao,football_data,SP1,
419,Athletic Bilbao,Spain,Athletic Club Bilbao,athletic club bilbao,footystats,CL,
420,Atletico Madrid,Spain,Ath Madrid,ath madrid,football_data,SP1,
420,Atletico Madrid,Spain,Atlético Madrid,atletico madrid,footystats,CL,
421,Barcelona,Spain,Barcelona,barcelona,football_data,SP1,
421,Barcelona,Spain,FC Barcelona,fc barcelona,footystats,CL,
422,Cadiz,Spain,Cadiz,cadiz,football_data,SP1,
423,Celta Vigo,Spain,Celta,celta,football_data,SP1,
424,Deportivo La Coruna,Spain,La Coruna,la coruna,football_data,SP1,
425,Eibar,Spain,Eibar,eibar,football_data,SP1,
426,Elche,Spain,Elche,elche,football_data,SP1,
427,Espanyol,Spain,Espanol,espanol,football_data,SP1,
428,Getafe,Spain,Getafe,getafe,football_data,SP1,
429,Girona,Spain,Girona,girona,football_data,SP1,
429,Girona,Spain,Girona FC,girona fc,footystats,CL,
430,Granada,Spain,Granada,granada,football_data,SP1,
431,Huesca,Spain,Huesca,huesca,football_data,SP1,
432,Las Palmas,Spain,Las Palmas,las palmas,football_data,SP1,
433,Leganes,Spain,Leganes,leganes,football_data,SP1,
434,Levante,Spain,Levante,levante,football_data,SP1,
435,Malaga,Spain,Malaga,malaga,football_data,SP1,
436,Mallorca,Spain,Mallorca,mallorca,football_data,SP1,
437,Osasuna,Spain,Osasuna,osasuna,football_data,SP1,
438,Rayo Vallecano,Spain,Vallecano,vallecano,football_data,SP1,
439,Real Betis,Spain,Betis,betis,football_data,SP1,
440,Real Madrid,Spain,Real Madrid,real madrid,football_data,SP1,
440,Real Madrid,Spain,Real Madrid,real madrid,footystats,CL,
441,Real Oviedo,Spain,Oviedo,oviedo,football_data,SP1,
442,Real Sociedad,Spain,Sociedad,sociedad,football_data,SP1,
442,Real Sociedad,Spain,Real Sociedad,real sociedad,footystats,CL,
443,Real Valladolid,Spain,Valladolid,valladolid,football_data,SP1,
444,Sevilla,Spain,Sevilla,sevilla,football_data,SP1,
444,Sevilla,Spain,Sevilla FC,sevilla fc,footystats,CL,
445,Sporting Gijon,Spain,Sp Gijon,sp gijon,football_data,SP1,
446,Valencia,Spain,Valencia,valencia,football_data,SP1,
446,Valencia,Spain,Valencia CF,valencia cf,footystats,CL,
447,Villarreal,Spain,Villarreal,villarreal,football_data,SP1,
447,Villarreal,Spain,Villarreal,villarreal,footystats,CL,
448,AIK,Sweden,AIK,aik,footystats,CL,
449,Djurgarden,Sweden,Djurgården,djurgarden,footystats,CL,
450,Hacken,Sweden,Häcken,hacken,footystats,CL,
451,Malmo FF,Sweden,Malmö FF,malmo ff,footystats,CL,
452,Norrkoping,Sweden,Norrköping,norrkoping,footystats,CL,
453,Basel,Switzerland,Basel,basel,footystats,CL,
454,Lugano,Switzerland,Lugano,lugano,footystats,CL,
455,Servette,Switzerland,Servette,servette,footystats,CL,
456,Young Boys,Switzerland,Young Boys,young boys,footystats,CL,
457,Zurich,Switzerland,Zürich,zurich,footystats,CL,
458,Adana Demirspor,Turkey,Ad. Demirspor,ad demirspor,football_data,T1,Distinct from Adanaspor
459,Adanaspor,Turkey,Adanaspor,adanaspor,football_data,T1,Distinct from Adana Demirspor
460,Akhisarspor,Turkey,Akhisar Belediyespor,akhisar belediyespor,football_data,T1,
461,Alanyaspor,Turkey,Alanyaspor,alanyaspor,football_data,T1,
462,Altay,Turkey,Altay,altay,football_data,T1,
463,Ankaragucu,Turkey,Ankaragucu,ankaragucu,football_data,T1,
464,Antalyaspor,Turkey,Antalyaspor,antalyaspor,football_data,T1,
465,Besiktas,Turkey,Besiktas,besiktas,football_data,T1,
465,Besiktas,Turkey,Beşiktaş,besiktas,footystats,CL,
466,Bodrumspor,Turkey,Bodrumspor,bodrumspor,football_data,T1,
467,Bursaspor,Turkey,Bursaspor,bursaspor,football_data,T1,
468,Caykur Rizespor,Turkey,Rizespor,rizespor,football_data,T1,
469,Denizlispor,Turkey,Denizlispor,denizlispor,football_data,T1,
470,Erzurumspor,Turkey,Erzurum BB,erzurum bb,football_data,T1,
471,Eskisehirspor,Turkey,Eskisehirspor,eskisehirspor,football_data,T1,
472,Eyupspor,Turkey,Eyupspor,eyupspor,football_data,T1,
473,Fatih Karagumruk,Turkey,Karagumruk,karagumruk,football_data,T1,
474,Fenerbahce,Turkey,Fenerbahce,fenerbahce,football_data,T1,
474,Fenerbahce,Turkey,Fenerbahçe,fenerbahce,footystats,CL,
475,Galatasaray,Turkey,Galatasaray,galatasaray,football_data,T1,
475,Galatasaray,Turkey,Galatasaray,galatasaray,footystats,CL,
476,Gaziantep FK,Turkey,Gaziantep,gaziantep,football_data,T1,Founded 2018; distinct from the older Gaziantepspor
477,Gaziantepspor,Turkey,Gaziantepspor,gaziantepspor,football_data,T1,Distinct from Gaziantep FK
478,Genclerbirligi,Turkey,Genclerbirligi,genclerbirligi,football_data,T1,
479,Giresunspor,Turkey,Giresunspor,giresunspor,football_data,T1,
480,Goztepe,Turkey,Goztep,goztep,football_data,T1,
481,Hatayspor,Turkey,Hatayspor,hatayspor,football_data,T1,
482,Istanbul Basaksehir,Turkey,Buyuksehyr,buyuksehyr,football_data,T1,football-data 'Buyuksehyr' = old name Istanbul Buyuksehir Belediyespor
482,Istanbul Basaksehir,Turkey,İstanbul Başakşehir,istanbul basaksehir,footystats,CL,football-data 'Buyuksehyr' = old name Istanbul Buyuksehir Belediyespor
483,Istanbulspor,Turkey,Istanbulspor,istanbulspor,football_data,T1,Distinct from Istanbul Basaksehir
484,Karabukspor,Turkey,Karabukspor,karabukspor,football_data,T1,
485,Kasimpasa,Turkey,Kasimpasa,kasimpasa,football_data,T1,
486,Kayserispor,Turkey,Kayserispor,kayserispor,football_data,T1,
487,Kocaelispor,Turkey,Kocaelispor,kocaelispor,football_data,T1,
488,Konyaspor,Turkey,Konyaspor,konyaspor,football_data,T1,
489,Mersin Idman Yurdu,Turkey,Mersin Idman Yurdu,mersin idman yurdu,football_data,T1,
490,Osmanlispor,Turkey,Osmanlispor,osmanlispor,football_data,T1,
491,Pendikspor,Turkey,Pendikspor,pendikspor,football_data,T1,
492,Samsunspor,Turkey,Samsunspor,samsunspor,football_data,T1,
493,Sivasspor,Turkey,Sivasspor,sivasspor,football_data,T1,
494,Trabzonspor,Turkey,Trabzonspor,trabzonspor,football_data,T1,
494,Trabzonspor,Turkey,Trabzonspor,trabzonspor,footystats,CL,
495,Umraniyespor,Turkey,Umraniyespor,umraniyespor,football_data,T1,
496,Yeni Malatyaspor,Turkey,Yeni Malatyaspor,yeni malatyaspor,football_data,T1,
497,Dnipro-1,Ukraine,Dnipro-1,dnipro 1,footystats,CL,
498,Dynamo Kyiv,Ukraine,Dynamo Kyiv,dynamo kyiv,footystats,CL,
499,Shakhtar Donetsk,Ukraine,Shakhtar Donetsk,shakhtar donetsk,footystats,CL,Distinct from Shakhtyor Soligorsk (Belarus)
500,Cardiff City,Wales,Cardiff,cardiff,football_data,E0,Welsh club competing in the English league system
501,Connah's Quay Nomads,Wales,Connah's Quay,connah s quay,footystats,CL,
502,Swansea City,Wales,Swansea,swansea,football_data,E0,Welsh club competing in the English league system
503,The New Saints,Wales,The New Saints,the new saints,footystats,CL,
