team_id,canonical_name,country,in_cl_source,in_domestic_source,notes
1,Egnatia Rrogozhine,Albania,1,0,
2,KF Tirana,Albania,1,0,Distinct from Partizani Tirana
3,Kukesi,Albania,1,0,
4,Partizani Tirana,Albania,1,0,Distinct from KF Tirana
5,Skenderbeu Korce,Albania,1,0,
6,Teuta Durres,Albania,1,0,
7,Atletic Club d'Escaldes,Andorra,1,0,Distinct from Inter Club d'Escaldes
8,FC Santa Coloma,Andorra,1,0,Distinct from UE Santa Coloma
9,Inter Club d'Escaldes,Andorra,1,0,Distinct from Atletic Club d'Escaldes
10,UE Santa Coloma,Andorra,1,0,Distinct from FC Santa Coloma
11,Alashkert,Armenia,1,0,
12,Artsakh,Armenia,1,0,
13,Avan Academy,Armenia,1,0,
14,Pyunik,Armenia,1,0,
15,Urartu,Armenia,1,0,Renamed from Banants to Urartu in 2019
16,LASK,Austria,1,0,
17,Rapid Wien,Austria,1,0,
18,Red Bull Salzburg,Austria,1,0,
19,Sturm Graz,Austria,1,0,
20,Neftci Baku,Azerbaijan,1,0,
21,Qarabag,Azerbaijan,1,0,
22,BATE Borisov,Belarus,1,0,
23,Dinamo Brest,Belarus,1,0,Distinct from Brest (France)
24,Dinamo Minsk,Belarus,1,0,
25,Shakhtyor Soligorsk,Belarus,1,0,Distinct from Shakhtar Donetsk (Ukraine)
26,Anderlecht,Belgium,1,1,
27,Antwerp,Belgium,1,1,
28,Beerschot,Belgium,0,1,
29,Cercle Brugge,Belgium,0,1,
30,Charleroi,Belgium,0,1,
31,Club Brugge,Belgium,1,1,Distinct from Cercle Brugge
32,Dender EH,Belgium,0,1,
33,Eupen,Belgium,0,1,
34,Genk,Belgium,1,1,
35,Gent,Belgium,1,1,
36,Kortrijk,Belgium,0,1,
37,Lokeren,Belgium,0,1,
38,Mechelen,Belgium,0,1,
39,Mouscron,Belgium,0,1,Same club as 'Mouscron-Peruwelz'
40,Oostende,Belgium,0,1,
41,Oud-Heverlee Leuven,Belgium,0,1,
42,RAAL La Louviere,Belgium,0,1,
43,RWD Molenbeek,Belgium,0,1,
44,Seraing,Belgium,0,1,
45,Sint-Truiden,Belgium,0,1,
46,Standard Liege,Belgium,1,1,
47,Union Saint-Gilloise,Belgium,1,1,Distinct from Union Berlin
48,Waasland-Beveren,Belgium,0,1,
49,Westerlo,Belgium,0,1,
50,Zulte Waregem,Belgium,0,1,
51,Borac Banja Luka,Bosnia and Herzegovina,1,0,
52,FK Sarajevo,Bosnia and Herzegovina,1,0,
53,Zrinjski Mostar,Bosnia and Herzegovina,1,0,
54,Ludogorets Razgrad,Bulgaria,1,0,
55,Dinamo Zagreb,Croatia,1,0,Distinct from Lokomotiva Zagreb
56,Lokomotiva Zagreb,Croatia,1,0,Distinct from Dinamo Zagreb
57,Rijeka,Croatia,1,0,
58,AEK Larnaca,Cyprus,1,0,Distinct from AEK Athens (Greece)
59,APOEL Nicosia,Cyprus,1,0,
60,Apollon Limassol,Cyprus,1,0,"NOT the same club as domestic 'Apollon' (Apollon Smyrnis, Greece)"
61,Aris Limassol,Cyprus,1,0,"NOT the same club as domestic 'Aris' (Aris Thessaloniki, Greece)"
62,Omonia Nicosia,Cyprus,1,0,
63,Pafos,Cyprus,1,0,
64,Slavia Prague,Czechia,1,0,
65,Sparta Prague,Czechia,1,0,Distinct from Sparta Rotterdam
66,Viktoria Plzen,Czechia,1,0,
67,Brondby,Denmark,1,0,
68,FC Copenhagen,Denmark,1,0,
69,Midtjylland,Denmark,1,0,
70,Arsenal,England,1,1,
71,Aston Villa,England,1,1,
72,Bournemouth,England,0,1,
73,Brentford,England,0,1,
74,Brighton & Hove Albion,England,0,1,
75,Burnley,England,0,1,
76,Chelsea,England,1,1,
77,Crystal Palace,England,0,1,
78,Everton,England,0,1,
79,Fulham,England,0,1,
80,Huddersfield Town,England,0,1,
81,Hull City,England,0,1,
82,Ipswich Town,England,0,1,
83,Leeds United,England,0,1,
84,Leicester City,England,1,1,
85,Liverpool,England,1,1,
86,Luton Town,England,0,1,
87,Manchester City,England,1,1,
88,Manchester United,England,1,1,
89,Middlesbrough,England,0,1,
90,Newcastle United,England,1,1,
91,Norwich City,England,0,1,
92,Nottingham Forest,England,0,1,
93,Sheffield United,England,0,1,
94,Southampton,England,0,1,
95,Stoke City,England,0,1,
96,Sunderland,England,0,1,
97,Tottenham Hotspur,England,1,1,
98,Watford,England,0,1,
99,West Bromwich Albion,England,0,1,
100,West Ham United,England,0,1,
101,Wolverhampton Wanderers,England,0,1,
102,FCI Tallinn,Estonia,1,0,Merged with Levadia in 2017; kept separate as a distinct pre-merger entity
103,Flora Tallinn,Estonia,1,0,
104,Levadia Tallinn,Estonia,1,0,FCI Tallinn merged into Levadia in 2017
105,Nomme Kalju,Estonia,1,0,
106,B36 Torshavn,Faroe Islands,1,0,
107,HB Torshavn,Faroe Islands,1,0,
108,KI Klaksvik,Faroe Islands,1,0,
109,Vikingur Gota,Faroe Islands,1,0,Distinct from Vikingur Reykjavik (Iceland)
110,HJK Helsinki,Finland,1,0,
111,IFK Mariehamn,Finland,1,0,
112,KuPS,Finland,1,0,
113,SJK Seinajoki,Finland,1,0,
114,AC Ajaccio,France,0,1,Distinct from Gazelec Ajaccio
115,Amiens,France,0,1,
116,Angers,France,0,1,
117,Auxerre,France,0,1,
118,Bastia,France,0,1,
119,Bordeaux,France,0,1,
120,Brest,France,1,1,Stade Brestois. Distinct from Dinamo Brest (Belarus)
121,Caen,France,0,1,
122,Clermont Foot,France,0,1,
123,Dijon,France,0,1,
124,Gazelec Ajaccio,France,0,1,Distinct from AC Ajaccio
125,Guingamp,France,0,1,
126,Le Havre,France,0,1,
127,Lens,France,1,1,
128,Lille,France,1,1,
129,Lorient,France,0,1,
130,Lyon,France,1,1,
131,Marseille,France,1,1,
132,Metz,France,0,1,
133,Monaco,France,1,1,
134,Montpellier,France,0,1,
135,Nancy,France,0,1,
136,Nantes,France,0,1,
137,Nice,France,1,1,
138,Nimes,France,0,1,
139,Paris FC,France,0,1,Distinct from Paris Saint-Germain
140,Paris Saint-Germain,France,1,1,Distinct from Paris FC
141,Reims,France,0,1,
142,Rennes,France,1,1,
143,Saint-Etienne,France,0,1,
144,Strasbourg,France,0,1,
145,Toulouse,France,0,1,
146,Troyes,France,0,1,
147,Dila Gori,Georgia,1,0,
148,Dinamo Batumi,Georgia,1,0,Distinct from Dinamo Tbilisi
149,Dinamo Tbilisi,Georgia,1,0,Distinct from Dinamo Batumi
150,Saburtalo Tbilisi,Georgia,1,0,
151,Samtredia,Georgia,1,0,
152,Torpedo Kutaisi,Georgia,1,0,
153,Arminia Bielefeld,Germany,0,1,
154,Augsburg,Germany,0,1,
155,Bayer Leverkusen,Germany,1,1,
156,Bayern Munich,Germany,1,1,
157,Bochum,Germany,0,1,
158,Borussia Dortmund,Germany,1,1,
159,Borussia Monchengladbach,Germany,1,1,
160,Darmstadt 98,Germany,0,1,
161,Eintracht Frankfurt,Germany,1,1,
162,FC Koln,Germany,0,1,
163,Fortuna Dusseldorf,Germany,0,1,
164,Freiburg,Germany,0,1,
165,Greuther Furth,Germany,0,1,
166,Hamburger SV,Germany,0,1,
167,Hannover 96,Germany,0,1,
168,Heidenheim,Germany,0,1,
169,Hertha Berlin,Germany,0,1,
170,Hoffenheim,Germany,1,1,
171,Holstein Kiel,Germany,0,1,
172,Ingolstadt,Germany,0,1,
173,Mainz 05,Germany,0,1,
174,Nurnberg,Germany,0,1,
175,Paderborn,Germany,0,1,
176,RB Leipzig,Germany,1,1,
177,Schalke 04,Germany,1,1,
178,St Pauli,Germany,0,1,
179,Union Berlin,Germany,1,1,
180,VfB Stuttgart,Germany,1,1,
181,Werder Bremen,Germany,0,1,
182,Wolfsburg,Germany,1,1,
183,Europa FC,Gibraltar,1,0,
184,Lincoln Red Imps,Gibraltar,1,0,
185,AEK Athens,Greece,1,1,Distinct from AEK Larnaca (Cyprus)
186,Apollon Smyrnis,Greece,0,1,"NOT the same club as CL 'Apollon' (Apollon Limassol, Cyprus)"
187,Aris Thessaloniki,Greece,0,1,"NOT the same club as CL 'Aris' (Aris Limassol, Cyprus)"
188,Asteras Tripolis,Greece,0,1,
189,Atromitos,Greece,0,1,
190,Ionikos,Greece,0,1,
191,Iraklis,Greece,0,1,
192,Kallithea,Greece,0,1,Distinct from Kalloni
193,Kalloni,Greece,0,1,Distinct from Kallithea
194,Kerkyra,Greece,0,1,
195,Kifisia,Greece,0,1,
196,Lamia,Greece,0,1,
197,Larissa,Greece,0,1,
198,Levadeiakos,Greece,0,1,
199,OFI Crete,Greece,0,1,
200,Olympiakos,Greece,1,1,
201,PAOK,Greece,1,1,
202,PAS Giannina,Greece,0,1,
203,Panathinaikos,Greece,1,1,
204,Panetolikos,Greece,0,1,
205,Panionios,Greece,0,1,
206,Panserraikos,Greece,0,1,
207,Panthrakikos,Greece,0,1,
208,Platanias,Greece,0,1,
209,Veria,Greece,0,1,
210,Volos,Greece,0,1,
211,Xanthi,Greece,0,1,
212,Budapest Honved,Hungary,1,0,
213,Fehervar,Hungary,1,0,Renamed from Videoton to MOL Fehervar in 2018
214,Ferencvaros,Hungary,1,0,
215,Breidablik,Iceland,1,0,
216,FH Hafnarfjordur,Iceland,1,0,
217,KR Reykjavik,Iceland,1,0,
218,Stjarnan,Iceland,1,0,
219,Valur,Iceland,1,0,
220,Vikingur Reykjavik,Iceland,1,0,Distinct from Vikingur Gota (Faroe Islands)
221,Hapoel Beer Sheva,Israel,1,0,
222,Maccabi Haifa,Israel,1,0,
223,Maccabi Tel Aviv,Israel,1,0,
224,AC Milan,Italy,1,1,Domestic 'Milan' = AC Milan; domestic 'Inter' = Internazionale
225,Atalanta,Italy,1,1,
226,Benevento,Italy,0,1,
227,Bologna,Italy,1,1,
228,Brescia,Italy,0,1,
229,Cagliari,Italy,0,1,
230,Carpi,Italy,0,1,
231,Chievo Verona,Italy,0,1,Distinct from Hellas Verona
232,Como,Italy,0,1,
233,Cremonese,Italy,0,1,
234,Crotone,Italy,0,1,
235,Empoli,Italy,0,1,
236,Fiorentina,Italy,0,1,
237,Frosinone,Italy,0,1,
238,Genoa,Italy,0,1,
239,Hellas Verona,Italy,0,1,Distinct from Chievo Verona
240,Inter Milan,Italy,1,1,
241,Juventus,Italy,1,1,
242,Lazio,Italy,1,1,
243,Lecce,Italy,0,1,
244,Monza,Italy,0,1,
245,Napoli,Italy,1,1,
246,Palermo,Italy,0,1,
247,Parma,Italy,0,1,
248,Pescara,Italy,0,1,
249,Pisa,Italy,0,1,
250,Roma,Italy,1,1,
251,SPAL,Italy,0,1,Distinct from Spezia
252,Salernitana,Italy,0,1,
253,Sampdoria,Italy,0,1,
254,Sassuolo,Italy,0,1,
255,Spezia,Italy,0,1,
256,Torino,Italy,0,1,
257,Udinese,Italy,0,1,
258,Venezia,Italy,0,1,
259,Astana,Kazakhstan,1,0,Distinct from Astra Giurgiu (Romania)
260,Kairat Almaty,Kazakhstan,1,0,
261,Ordabasy,Kazakhstan,1,0,
262,Tobol Kostanay,Kazakhstan,1,0,
263,Ballkani,Kosovo,1,0,
264,Drita,Kosovo,1,0,
265,Feronikeli,Kosovo,1,0,
266,Prishtina,Kosovo,1,0,
267,Trepca'89,Kosovo,1,0,
268,Liepaja,Latvia,1,0,
269,Riga FC,Latvia,1,0,Distinct from Rigas FS (RFS)
270,Rigas FS,Latvia,1,0,RFS. Distinct from Riga FC
271,Spartaks Jurmala,Latvia,1,0,
272,Valmiera,Latvia,1,0,
273,Ventspils,Latvia,1,0,
274,Panevezys,Lithuania,1,0,
275,Suduva,Lithuania,1,0,
276,Zalgiris Vilnius,Lithuania,1,0,
277,Differdange 03,Luxembourg,1,0,
278,F91 Dudelange,Luxembourg,1,0,
279,Fola Esch,Luxembourg,1,0,
280,Swift Hesperange,Luxembourg,1,0,
281,Floriana,Malta,1,0,
282,Hamrun Spartans,Malta,1,0,
283,Hibernians,Malta,1,0,NOT the same club as domestic 'Hibernian' (Scotland)
284,Valletta,Malta,1,0,
285,Milsami Orhei,Moldova,1,0,
286,Petrocub Hincesti,Moldova,1,0,
287,Sheriff Tiraspol,Moldova,1,0,
288,Buducnost Podgorica,Montenegro,1,0,
289,Decic,Montenegro,1,0,
290,Mladost Podgorica,Montenegro,1,0,
291,Rudar Pljevlja,Montenegro,1,0,
292,Sutjeska Niksic,Montenegro,1,0,
293,ADO Den Haag,Netherlands,0,1,
294,AZ Alkmaar,Netherlands,1,1,
295,Ajax,Netherlands,1,1,
296,Almere City,Netherlands,0,1,
297,Cambuur,Netherlands,0,1,
298,De Graafschap,Netherlands,0,1,
299,Emmen,Netherlands,0,1,
300,Excelsior,Netherlands,0,1,
301,Feyenoord,Netherlands,1,1,
302,Fortuna Sittard,Netherlands,0,1,
303,Go Ahead Eagles,Netherlands,0,1,
304,Groningen,Netherlands,0,1,
305,Heerenveen,Netherlands,0,1,
306,Heracles Almelo,Netherlands,0,1,
307,NAC Breda,Netherlands,0,1,
308,NEC Nijmegen,Netherlands,0,1,
309,PEC Zwolle,Netherlands,0,1,
310,PSV Eindhoven,Netherlands,1,1,
311,RKC Waalwijk,Netherlands,0,1,
312,Roda JC,Netherlands,0,1,
313,Sparta Rotterdam,Netherlands,0,1,Distinct from Sparta Praha
314,Telstar,Netherlands,0,1,
315,Twente,Netherlands,1,1,
316,Utrecht,Netherlands,0,1,
317,VVV-Venlo,Netherlands,0,1,
318,Vitesse,Netherlands,0,1,
319,Volendam,Netherlands,0,1,
320,Willem II,Netherlands,0,1,
321,Shkendija,North Macedonia,1,0,
322,Shkupi,North Macedonia,1,0,
323,Sileks,North Macedonia,1,0,
324,Struga,North Macedonia,1,0,
325,Vardar Skopje,North Macedonia,1,0,
326,Crusaders,Northern Ireland,1,0,
327,Larne,Northern Ireland,1,0,
328,Linfield,Northern Ireland,1,0,
329,Bodo/Glimt,Norway,1,0,
330,Brann,Norway,1,0,
331,Molde,Norway,1,0,
332,Rosenborg,Norway,1,0,
333,Jagiellonia Bialystok,Poland,1,0,
334,Lech Poznan,Poland,1,0,
335,Legia Warsaw,Poland,1,0,
336,Piast Gliwice,Poland,1,0,
337,Rakow Czestochowa,Poland,1,0,
338,AVS,Portugal,0,1,
339,Academica,Portugal,0,1,
340,Alverca,Portugal,0,1,
341,Arouca,Portugal,0,1,
342,Belenenses,Portugal,0,1,
343,Benfica,Portugal,1,1,
344,Boavista,Portugal,0,1,
345,Casa Pia,Portugal,0,1,
346,Chaves,Portugal,0,1,
347,Desportivo Aves,Portugal,0,1,
348,Estoril,Portugal,0,1,
349,Estrela Amadora,Portugal,0,1,
350,Famalicao,Portugal,0,1,
351,Farense,Portugal,0,1,
352,Feirense,Portugal,0,1,
353,Gil Vicente,Portugal,0,1,
354,Maritimo,Portugal,0,1,
355,Moreirense,Portugal,0,1,
356,Nacional,Portugal,0,1,
357,Pacos de Ferreira,Portugal,0,1,
358,Portimonense,Portugal,0,1,
359,Porto,Portugal,1,1,
360,Rio Ave,Portugal,0,1,
361,Santa Clara,Portugal,0,1,
362,Sporting Braga,Portugal,1,1,
363,Sporting CP,Portugal,1,1,Domestic 'Sp Lisbon' = Sporting Clube de Portugal
364,Tondela,Portugal,0,1,
365,Uniao da Madeira,Portugal,0,1,
366,Vitoria Guimaraes,Portugal,0,1,Distinct from Vitoria Setubal
367,Vitoria Setubal,Portugal,0,1,Distinct from Vitoria Guimaraes
368,Vizela,Portugal,0,1,
369,Cork City,Republic of Ireland,1,0,
370,Dundalk,Republic of Ireland,1,0,
371,Shamrock Rovers,Republic of Ireland,1,0,
372,Shelbourne,Republic of Ireland,1,0,
373,Astra Giurgiu,Romania,1,0,Distinct from Astana (Kazakhstan)
374,CFR Cluj,Romania,1,0,
375,FCSB,Romania,1,0,
376,Farul Constanta,Romania,1,0,Post-2021 merger with Viitorul; kept separate as a distinct entity
377,Viitorul Constanta,Romania,1,0,Merged with Farul in 2021
378,CSKA Moscow,Russia,1,0,
379,Krasnodar,Russia,1,0,
380,Lokomotiv Moscow,Russia,1,0,
381,Rostov,Russia,1,0,
382,Spartak Moscow,Russia,1,0,Distinct from Spartak Trnava (Slovakia)
383,Zenit St Petersburg,Russia,1,0,
384,Folgore,San Marino,1,0,
385,La Fiorita,San Marino,1,0,
386,Tre Fiori,San Marino,1,0,
387,Tre Penne,San Marino,1,0,
388,Virtus,San Marino,1,0,
389,Aberdeen,Scotland,0,1,
390,Celtic,Scotland,1,1,
391,Dundee,Scotland,0,1,Distinct from Dundee United
392,Dundee United,Scotland,0,1,Distinct from Dundee
393,Falkirk,Scotland,0,1,
394,Hamilton Academical,Scotland,0,1,
395,Heart of Midlothian,Scotland,0,1,
396,Hibernian,Scotland,0,1,NOT the same club as CL 'Hibernians' (Malta)
397,Inverness Caledonian Thistle,Scotland,0,1,
398,Kilmarnock,Scotland,0,1,
399,Livingston,Scotland,0,1,
400,Motherwell,Scotland,0,1,
401,Partick Thistle,Scotland,0,1,
402,Rangers,Scotland,1,1,
403,Ross County,Scotland,0,1,
404,St Johnstone,Scotland,0,1,
405,St Mirren,Scotland,0,1,
406,Partizan Belgrade,Serbia,1,0,Distinct from Partizani Tirana (Albania)
407,Red Star Belgrade,Serbia,1,0,
408,TSC Backa Topola,Serbia,1,0,
409,Slovan Bratislava,Slovakia,1,0,
410,Spartak Trnava,Slovakia,1,0,Distinct from Spartak Moscow (Russia)
411,Trencin,Slovakia,1,0,
412,Zilina,Slovakia,1,0,
413,Celje,Slovenia,1,0,
414,Maribor,Slovenia,1,0,
415,Mura,Slovenia,1,0,
416,Olimpija Ljubljana,Slovenia,1,0,
417,Alaves,Spain,0,1,
418,Almeria,Spain,0,1,
419,Athletic Bilbao,Spain,1,1,
420,Atletico Madrid,Spain,1,1,
421,Barcelona,Spain,1,1,
422,Cadiz,Spain,0,1,
423,Celta Vigo,Spain,0,1,
424,Deportivo La Coruna,Spain,0,1,
425,Eibar,Spain,0,1,
426,Elche,Spain,0,1,
427,Espanyol,Spain,0,1,
428,Getafe,Spain,0,1,
429,Girona,Spain,1,1,
430,Granada,Spain,0,1,
431,Huesca,Spain,0,1,
432,Las Palmas,Spain,0,1,
433,Leganes,Spain,0,1,
434,Levante,Spain,0,1,
435,Malaga,Spain,0,1,
436,Mallorca,Spain,0,1,
437,Osasuna,Spain,0,1,
438,Rayo Vallecano,Spain,0,1,
439,Real Betis,Spain,0,1,
440,Real Madrid,Spain,1,1,
441,Real Oviedo,Spain,0,1,
442,Real Sociedad,Spain,1,1,
443,Real Valladolid,Spain,0,1,
444,Sevilla,Spain,1,1,
445,Sporting Gijon,Spain,0,1,
446,Valencia,Spain,1,1,
447,Villarreal,Spain,1,1,
448,AIK,Sweden,1,0,
449,Djurgarden,Sweden,1,0,
450,Hacken,Sweden,1,0,
451,Malmo FF,Sweden,1,0,
452,Norrkoping,Sweden,1,0,
453,Basel,Switzerland,1,0,
454,Lugano,Switzerland,1,0,
455,Servette,Switzerland,1,0,
456,Young Boys,Switzerland,1,0,
457,Zurich,Switzerland,1,0,
458,Adana Demirspor,Turkey,0,1,Distinct from Adanaspor
459,Adanaspor,Turkey,0,1,Distinct from Adana Demirspor
460,Akhisarspor,Turkey,0,1,
461,Alanyaspor,Turkey,0,1,
462,Altay,Turkey,0,1,
463,Ankaragucu,Turkey,0,1,
464,Antalyaspor,Turkey,0,1,
465,Besiktas,Turkey,1,1,
466,Bodrumspor,Turkey,0,1,
467,Bursaspor,Turkey,0,1,
468,Caykur Rizespor,Turkey,0,1,
469,Denizlispor,Turkey,0,1,
470,Erzurumspor,Turkey,0,1,
471,Eskisehirspor,Turkey,0,1,
472,Eyupspor,Turkey,0,1,
473,Fatih Karagumruk,Turkey,0,1,
474,Fenerbahce,Turkey,1,1,
475,Galatasaray,Turkey,1,1,
476,Gaziantep FK,Turkey,0,1,Founded 2018; distinct from the older Gaziantepspor
477,Gaziantepspor,Turkey,0,1,Distinct from Gaziantep FK
478,Genclerbirligi,Turkey,0,1,
479,Giresunspor,Turkey,0,1,
480,Goztepe,Turkey,0,1,
481,Hatayspor,Turkey,0,1,
482,Istanbul Basaksehir,Turkey,1,1,football-data 'Buyuksehyr' = old name Istanbul Buyuksehir Belediyespor
483,Istanbulspor,Turkey,0,1,Distinct from Istanbul Basaksehir
484,Karabukspor,Turkey,0,1,
485,Kasimpasa,Turkey,0,1,
486,Kayserispor,Turkey,0,1,
487,Kocaelispor,Turkey,0,1,
488,Konyaspor,Turkey,0,1,
489,Mersin Idman Yurdu,Turkey,0,1,
490,Osmanlispor,Turkey,0,1,
491,Pendikspor,Turkey,0,1,
492,Samsunspor,Turkey,0,1,
493,Sivasspor,Turkey,0,1,
494,Trabzonspor,Turkey,1,1,
495,Umraniyespor,Turkey,0,1,
496,Yeni Malatyaspor,Turkey,0,1,
497,Dnipro-1,Ukraine,1,0,
498,Dynamo Kyiv,Ukraine,1,0,
499,Shakhtar Donetsk,Ukraine,1,0,Distinct from Shakhtyor Soligorsk (Belarus)
500,Cardiff City,Wales,0,1,Welsh club competing in the English league system
501,Connah's Quay Nomads,Wales,1,0,
502,Swansea City,Wales,0,1,Welsh club competing in the English league system
503,The New Saints,Wales,1,0,
